Workbook

Sheet ALL Unions
A1: Union | B1: Contract Name | C1: NECA Chapter | D1: NECA Division | E1: NECA State | F1: Rosendin Member | G1: Committee | H1: # of instructors
A2: 3 | B2: Northern CA - Operating Engineers | C2: =VLOOKUP(A2,'NECA Chapters(Debra)'!A:D,3,FALSE) -> New York City Chapter NECA | D2: =VLOOKUP(A2,'NECA Chapters(Debra)'!A:D,4,FALSE) -> New York City Division - 3 | E2: =VLOOKUP(A2,'NECA Chapters(Debra)'!A:D,2,FALSE) -> NY
A3: 6 | B3: 6 SF, CA - Inside Wireman | C3: =VLOOKUP(A3,'NECA Chapters(Debra)'!A:D,3,FALSE) -> San Francisco Chapter NECA | D3: =VLOOKUP(A3,'NECA Chapters(Debra)'!A:D,4,FALSE) -> San Francisco Division - 6 | E3: =VLOOKUP(A3,'NECA Chapters(Debra)'!A:D,2,FALSE) -> CA
A4: 11 | B4: 11 LA, CA - Inside Wireman | C4: =VLOOKUP(A4,'NECA Chapters(Debra)'!A:D,3,FALSE) -> Los Angeles County Chapter NECA | D4: =VLOOKUP(A4,'NECA Chapters(Debra)'!A:D,4,FALSE) -> Los Angeles Division - 11 | E4: =VLOOKUP(A4,'NECA Chapters(Debra)'!A:D,2,FALSE) -> CA
A5: 11 LB | B5: 11 Virginia - Laborers | C5: =VLOOKUP(A5,'NECA Chapters(Debra)'!A:D,3,FALSE) -> #N/A | D5: =VLOOKUP(A5,'NECA Chapters(Debra)'!A:D,4,FALSE) -> #N/A | E5: =VLOOKUP(A5,'NECA Chapters(Debra)'!A:D,2,FALSE) -> #N/A
A6: 12 OP | B6: Southern CA - Operating Engineers | C6: =VLOOKUP(A6,'NECA Chapters(Debra)'!A:D,3,FALSE) -> #N/A | D6: =VLOOKUP(A6,'NECA Chapters(Debra)'!A:D,4,FALSE) -> #N/A | E6: =VLOOKUP(A6,'NECA Chapters(Debra)'!A:D,2,FALSE) -> #N/A
A7: 20 | B7: 20 Arlington, TX - Inside Wireman | C7: =VLOOKUP(A7,'NECA Chapters(Debra)'!A:D,3,FALSE) -> North Texas Chapter NECA | D7: =VLOOKUP(A7,'NECA Chapters(Debra)'!A:D,4,FALSE) -> Dallas/Ft Worth Division - 20 | E7: =VLOOKUP(A7,'NECA Chapters(Debra)'!A:D,2,FALSE) -> TX
A8: 24 | B8: 24 Baltimore, MD - Inside Wireman | C8: =VLOOKUP(A8,'NECA Chapters(Debra)'!A:D,3,FALSE) -> Maryland Chapter NECA | D8: =VLOOKUP(A8,'NECA Chapters(Debra)'!A:D,4,FALSE) -> Baltimore Division - 24 | E8: =VLOOKUP(A8,'NECA Chapters(Debra)'!A:D,2,FALSE) -> MD
A9: 26 | B9: 26 DC Chapter - Inside Wireman | C9: =VLOOKUP(A9,'NECA Chapters(Debra)'!A:D,3,FALSE) -> Washington DC Chapter NECA | D9: =VLOOKUP(A9,'NECA Chapters(Debra)'!A:D,4,FALSE) -> Washington DC Division - 26 | E9: =VLOOKUP(A9,'NECA Chapters(Debra)'!A:D,2,FALSE) -> VA
A10: 47 L | B10: 47 L Southern CA - Line Construction | C10: =VLOOKUP(A10,'NECA Chapters(Debra)'!A:D,3,FALSE) -> #N/A | D10: =VLOOKUP(A10,'NECA Chapters(Debra)'!A:D,4,FALSE) -> #N/A | E10: =VLOOKUP(A10,'NECA Chapters(Debra)'!A:D,2,FALSE) -> #N/A
A11: 48 | B11: 48 Portland, OR - Inside Wireman | C11: =VLOOKUP(A11,'NECA Chapters(Debra)'!A:D,3,FALSE) -> Oregon-Columbia Chapter NECA | D11: =VLOOKUP(A11,'NECA Chapters(Debra)'!A:D,4,FALSE) -> Portland Division - 48 | E11: =VLOOKUP(A11,'NECA Chapters(Debra)'!A:D,2,FALSE) -> OR
A12: 57 L | B12: 57 L Interamountain Line Construction, UT - Lineman | C12: =VLOOKUP(A12,'NECA Chapters(Debra)'!A:D,3,FALSE) -> #N/A | D12: =VLOOKUP(A12,'NECA Chapters(Debra)'!A:D,4,FALSE) -> #N/A | E12: =VLOOKUP(A12,'NECA Chapters(Debra)'!A:D,2,FALSE) -> #N/A
A13: 60 | B13: 60 San Antonio, TX - Inside Wireman | C13: =VLOOKUP(A13,'NECA Chapters(Debra)'!A:D,3,FALSE) -> South Texas Chapter NECA | D13: =VLOOKUP(A13,'NECA Chapters(Debra)'!A:D,4,FALSE) -> San Antonio Division - 60 | E13: =VLOOKUP(A13,'NECA Chapters(Debra)'!A:D,2,FALSE) -> TX
A14: 66 L | B14: 66 L Pasadena, TX - Lineman | C14: =VLOOKUP(A14,'NECA Chapters(Debra)'!A:D,3,FALSE) -> #N/A | D14: =VLOOKUP(A14,'NECA Chapters(Debra)'!A:D,4,FALSE) -> #N/A | E14: =VLOOKUP(A14,'NECA Chapters(Debra)'!A:D,2,FALSE) -> #N/A
A15: 70 L | B15: 70 L - DC, KY, MD, VA, WV, DC - Lineman | C15: =VLOOKUP(A15,'NECA Chapters(Debra)'!A:D,3,FALSE) -> #N/A | D15: =VLOOKUP(A15,'NECA Chapters(Debra)'!A:D,4,FALSE) -> #N/A | E15: =VLOOKUP(A15,'NECA Chapters(Debra)'!A:D,2,FALSE) -> #N/A
A16: 72 | B16: 72 Waco, TX - Inside Wireman | C16: =VLOOKUP(A16,'NECA Chapters(Debra)'!A:D,3,FALSE) -> Central Texas Chapter NECA | D16: =VLOOKUP(A16,'NECA Chapters(Debra)'!A:D,4,FALSE) -> Waco Division - 72 | E16: =VLOOKUP(A16,'NECA Chapters(Debra)'!A:D,2,FALSE) -> TX
A17: 76 | B17: 76 Southwest WA - Inside Wireman | C17: =VLOOKUP(A17,'NECA Chapters(Debra)'!A:D,3,FALSE) -> Southwest Washington Chapter NECA | D17: =VLOOKUP(A17,'NECA Chapters(Debra)'!A:D,4,FALSE) -> Tacoma Division - 76 | E17: =VLOOKUP(A17,'NECA Chapters(Debra)'!A:D,2,FALSE) -> WA
A18: 80 | B18: 80 Chesapeake, VA - Inside Wireman | C18: =VLOOKUP(A18,'NECA Chapters(Debra)'!A:D,3,FALSE) -> Atlantic Coast Chapter NECA | D18: =VLOOKUP(A18,'NECA Chapters(Debra)'!A:D,4,FALSE) -> Tidewater Division - 80 | E18: =VLOOKUP(A18,'NECA Chapters(Debra)'!A:D,2,FALSE) -> VA
A19: 89 | B19: 89 San Diego, CA - Laborers | C19: =VLOOKUP(A19,'NECA Chapters(Debra)'!A:D,3,FALSE) -> Northwest Line Constructors Chapter NECA | D19: =VLOOKUP(A19,'NECA Chapters(Debra)'!A:D,4,FALSE) -> 0 | E19: =VLOOKUP(A19,'NECA Chapters(Debra)'!A:D,2,FALSE) -> WA
A20: 100 | B20: 100 Fresno, CA - Inside Wireman | C20: =VLOOKUP(A20,'NECA Chapters(Debra)'!A:D,3,FALSE) -> East Central California Chapter NECA | D20: =VLOOKUP(A20,'NECA Chapters(Debra)'!A:D,4,FALSE) -> Fresno Division - 100 | E20: =VLOOKUP(A20,'NECA Chapters(Debra)'!A:D,2,FALSE) -> CA
A21: 112 | B21: 112 Kennewick, WA - Inside Wireman | C21: =VLOOKUP(A21,'NECA Chapters(Debra)'!A:D,3,FALSE) -> Inland Empire Chapter NECA | D21: =VLOOKUP(A21,'NECA Chapters(Debra)'!A:D,4,FALSE) -> Western Division - 112 | E21: =VLOOKUP(A21,'NECA Chapters(Debra)'!A:D,2,FALSE) -> WA
A22: 143 | B22: 143 Harrisburg, PA - Inside Wireman | C22: =VLOOKUP(A22,'NECA Chapters(Debra)'!A:D,3,FALSE) -> Penn-Del-Jersey Chapter NECA | D22: =VLOOKUP(A22,'NECA Chapters(Debra)'!A:D,4,FALSE) -> Harrisburg Division - 143 | E22: =VLOOKUP(A22,'NECA Chapters(Debra)'!A:D,2,FALSE) -> PA
A23: 180 | B23: 180 Napa/Solano Counties, CA - Inside Wireman | C23: =VLOOKUP(A23,'NECA Chapters(Debra)'!A:D,3,FALSE) -> Northern California Chapter NECA | D23: =VLOOKUP(A23,'NECA Chapters(Debra)'!A:D,4,FALSE) -> Solano Napa Counties Div - 180 | E23: =VLOOKUP(A23,'NECA Chapters(Debra)'!A:D,2,FALSE) -> CA
A24: 191E | B24: 191E Everett, WA - Inside Wireman | C24: =VLOOKUP(A24,'NECA Chapters(Debra)'!A:D,3,FALSE) -> #N/A | D24: =VLOOKUP(A24,'NECA Chapters(Debra)'!A:D,4,FALSE) -> #N/A | E24: =VLOOKUP(A24,'NECA Chapters(Debra)'!A:D,2,FALSE) -> #N/A
A25: 196 L | B25: 196 L Huntley, IL - Lineman | C25: =VLOOKUP(A25,'NECA Chapters(Debra)'!A:D,3,FALSE) -> #N/A | D25: =VLOOKUP(A25,'NECA Chapters(Debra)'!A:D,4,FALSE) -> #N/A | E25: =VLOOKUP(A25,'NECA Chapters(Debra)'!A:D,2,FALSE) -> #N/A
A26: 209 | B26: Southern CA - Carpenters | C26: =VLOOKUP(A26,'NECA Chapters(Debra)'!A:D,3,FALSE) -> #N/A | D26: =VLOOKUP(A26,'NECA Chapters(Debra)'!A:D,4,FALSE) -> #N/A | E26: =VLOOKUP(A26,'NECA Chapters(Debra)'!A:D,2,FALSE) -> #N/A
A27: 220 L | B27: Southwestern, TX - Lineman | C27: =VLOOKUP(A27,'NECA Chapters(Debra)'!A:D,3,FALSE) -> #N/A | D27: =VLOOKUP(A27,'NECA Chapters(Debra)'!A:D,4,FALSE) -> #N/A | E27: =VLOOKUP(A27,'NECA Chapters(Debra)'!A:D,2,FALSE) -> #N/A
A28: 234 | B28: 234 Monterey/Santa Cruz , CA - Inside Wireman | C28: =VLOOKUP(A28,'NECA Chapters(Debra)'!A:D,3,FALSE) -> Monterey Bay California Chapter NECA | D28: =VLOOKUP(A28,'NECA Chapters(Debra)'!A:D,4,FALSE) -> Salinas Division - 234 | E28: =VLOOKUP(A28,'NECA Chapters(Debra)'!A:D,2,FALSE) -> CA
A29: 270 | B29: Northern CA - Laborers (Including locals 67, 73, 166, 185, 261, 294, 304, 324, 886, 1130) | C29: =VLOOKUP(A29,'NECA Chapters(Debra)'!A:D,3,FALSE) -> East Tennessee Chapter NECA | D29: =VLOOKUP(A29,'NECA Chapters(Debra)'!A:D,4,FALSE) -> Oak Ridge Division - 270 | E29: =VLOOKUP(A29,'NECA Chapters(Debra)'!A:D,2,FALSE) -> TN
A30: 280 | B30: 280 Springfield, OR - Inside Wireman | C30: =VLOOKUP(A30,'NECA Chapters(Debra)'!A:D,3,FALSE) -> Oregon-Pacific-Cascade Chapter NECA | D30: =VLOOKUP(A30,'NECA Chapters(Debra)'!A:D,4,FALSE) -> Cascade Div-Central Oregon-280 | E30: =VLOOKUP(A30,'NECA Chapters(Debra)'!A:D,2,FALSE) -> OR
A31: 291 | B31: 291 Boise, ID - Inside Wireman | C31: =VLOOKUP(A31,'NECA Chapters(Debra)'!A:D,3,FALSE) -> Idaho Chapter NECA | D31: =VLOOKUP(A31,'NECA Chapters(Debra)'!A:D,4,FALSE) -> Western Division - 291 | E31: =VLOOKUP(A31,'NECA Chapters(Debra)'!A:D,2,FALSE) -> ID
A32: 302 | B32: 302 Contra Costa County, CA - Inside Wireman | C32: =VLOOKUP(A32,'NECA Chapters(Debra)'!A:D,3,FALSE) -> Contra Costa Chapter NECA | D32: =VLOOKUP(A32,'NECA Chapters(Debra)'!A:D,4,FALSE) -> Martinez Division - 302 | E32: =VLOOKUP(A32,'NECA Chapters(Debra)'!A:D,2,FALSE) -> CA
A33: 332 | B33: 332 San Jose, CA - Inside Wireman | C33: =VLOOKUP(A33,'NECA Chapters(Debra)'!A:D,3,FALSE) -> Santa Clara Valley Chapter NECA | D33: =VLOOKUP(A33,'NECA Chapters(Debra)'!A:D,4,FALSE) -> San Jose Division - 332 | E33: =VLOOKUP(A33,'NECA Chapters(Debra)'!A:D,2,FALSE) -> CA
A34: 340 | B34: 340 Sacramento, CA - Inside Wireman | C34: =VLOOKUP(A34,'NECA Chapters(Debra)'!A:D,3,FALSE) -> Greater Sacramento Chapter NECA | D34: =VLOOKUP(A34,'NECA Chapters(Debra)'!A:D,4,FALSE) -> Sacramento Division - 340 | E34: =VLOOKUP(A34,'NECA Chapters(Debra)'!A:D,2,FALSE) -> CA
A35: 354 | B35: 354 Salt Lake, UT - Inside Wireman | C35: =VLOOKUP(A35,'NECA Chapters(Debra)'!A:D,3,FALSE) -> Intermountain Chapter NECA | D35: =VLOOKUP(A35,'NECA Chapters(Debra)'!A:D,4,FALSE) -> Utah Division - 354 | E35: =VLOOKUP(A35,'NECA Chapters(Debra)'!A:D,2,FALSE) -> UT
A36: 357 | B36: 357 Las Vegas, NV - Inside Wireman | C36: =VLOOKUP(A36,'NECA Chapters(Debra)'!A:D,3,FALSE) -> Southern Nevada Chapter NECA | D36: =VLOOKUP(A36,'NECA Chapters(Debra)'!A:D,4,FALSE) -> Las Vegas Division - 357 | E36: =VLOOKUP(A36,'NECA Chapters(Debra)'!A:D,2,FALSE) -> NV
A37: 379 | B37: 379 Charlotte, NC - Inside Wireman | C37: =VLOOKUP(A37,'NECA Chapters(Debra)'!A:D,3,FALSE) -> Atlantic Coast Chapter NECA | D37: =VLOOKUP(A37,'NECA Chapters(Debra)'!A:D,4,FALSE) -> Charlotte Division - 379 | E37: =VLOOKUP(A37,'NECA Chapters(Debra)'!A:D,2,FALSE) -> VA
A38: 401 | B38: 401 Reno, NV - Inside Wireman | C38: =VLOOKUP(A38,'NECA Chapters(Debra)'!A:D,3,FALSE) -> Greater Sacramento Chapter NECA | D38: =VLOOKUP(A38,'NECA Chapters(Debra)'!A:D,4,FALSE) -> Reno Division - 401 | E38: =VLOOKUP(A38,'NECA Chapters(Debra)'!A:D,2,FALSE) -> CA
A39: 405 | B39: Northern CA - Carpernters | C39: =VLOOKUP(A39,'NECA Chapters(Debra)'!A:D,3,FALSE) -> Iowa Chapter NECA | D39: =VLOOKUP(A39,'NECA Chapters(Debra)'!A:D,4,FALSE) -> Cedar Rapids Division - 405 | E39: =VLOOKUP(A39,'NECA Chapters(Debra)'!A:D,2,FALSE) -> IA
... A53: 583 | B53: 583 El Paso, TX - Inside Wireman | C53: =VLOOKUP(A53,'NECA Chapters(Debra)'!A:D,3,FALSE) -> El Paso Chapter NECA | D53: =VLOOKUP(A53,'NECA Chapters(Debra)'!A:D,4,FALSE) -> El Paso Division - 583 | E53: =VLOOKUP(A53,'NECA Chapters(Debra)'!A:D,2,FALSE) -> TX
A54: 595W | B54: 595 West, Alameda County, CA - Inside Wireman | C54: =VLOOKUP(A54,'NECA Chapters(Debra)'!A:D,3,FALSE) -> #N/A | D54: =VLOOKUP(A54,'NECA Chapters(Debra)'!A:D,4,FALSE) -> #N/A | E54: =VLOOKUP(A54,'NECA Chapters(Debra)'!A:D,2,FALSE) -> #N/A
A55: 602 | B55: 602 Amarillo, TX - Inside Wireman | C55: =VLOOKUP(A55,'NECA Chapters(Debra)'!A:D,3,FALSE) -> West Texas Chapter NECA | D55: =VLOOKUP(A55,'NECA Chapters(Debra)'!A:D,4,FALSE) -> Amarillo Division - 602 | E55: =VLOOKUP(A55,'NECA Chapters(Debra)'!A:D,2,FALSE) -> TX
A56: 602 L | B56: Southwestern, TX - Lineman | C56: =VLOOKUP(A56,'NECA Chapters(Debra)'!A:D,3,FALSE) -> #N/A | D56: =VLOOKUP(A56,'NECA Chapters(Debra)'!A:D,4,FALSE) -> #N/A | E56: =VLOOKUP(A56,'NECA Chapters(Debra)'!A:D,2,FALSE) -> #N/A
A57: 611 L | B57: 611 L Albuquerque, NM - Lineman | C57: =VLOOKUP(A57,'NECA Chapters(Debra)'!A:D,3,FALSE) -> #N/A | D57: =VLOOKUP(A57,'NECA Chapters(Debra)'!A:D,4,FALSE) -> #N/A | E57: =VLOOKUP(A57,'NECA Chapters(Debra)'!A:D,2,FALSE) -> #N/A
A58: 617 | B58: 617 San Mateo County, CA - Inside Wireman | C58: =VLOOKUP(A58,'NECA Chapters(Debra)'!A:D,3,FALSE) -> San Mateo Chapter NECA | D58: =VLOOKUP(A58,'NECA Chapters(Debra)'!A:D,4,FALSE) -> San Mateo Division - 617 | E58: =VLOOKUP(A58,'NECA Chapters(Debra)'!A:D,2,FALSE) -> CA
A59: 640 | B59: 640 Phoenix, AZ - Inside Wireman | C59: =VLOOKUP(A59,'NECA Chapters(Debra)'!A:D,3,FALSE) -> Arizona Chapter NECA | D59: =VLOOKUP(A59,'NECA Chapters(Debra)'!A:D,4,FALSE) -> Phoenix Division - 640 | E59: =VLOOKUP(A59,'NECA Chapters(Debra)'!A:D,2,FALSE) -> AZ
A60: 666 | B60: 666 Richmond, VA - Inside Wireman | C60: =VLOOKUP(A60,'NECA Chapters(Debra)'!A:D,3,FALSE) -> Atlantic Coast Chapter NECA | D60: =VLOOKUP(A60,'NECA Chapters(Debra)'!A:D,4,FALSE) -> Richmond Division - 666 | E60: =VLOOKUP(A60,'NECA Chapters(Debra)'!A:D,2,FALSE) -> VA
A61: 681 | B61: 681 Wichita Falls, TX - Inside Wireman | C61: =VLOOKUP(A61,'NECA Chapters(Debra)'!A:D,3,FALSE) -> Red River Valley Chapter NECA | D61: =VLOOKUP(A61,'NECA Chapters(Debra)'!A:D,4,FALSE) -> Abilene Division - 681 | E61: =VLOOKUP(A61,'NECA Chapters(Debra)'!A:D,2,FALSE) -> TX
A62: 681 L | B62: Southwestern, TX - Lineman | C62: =VLOOKUP(A62,'NECA Chapters(Debra)'!A:D,3,FALSE) -> #N/A | D62: =VLOOKUP(A62,'NECA Chapters(Debra)'!A:D,4,FALSE) -> #N/A | E62: =VLOOKUP(A62,'NECA Chapters(Debra)'!A:D,2,FALSE) -> #N/A
A63: 716 | B63: 716 SE Texas - Inside Wireman | C63: =VLOOKUP(A63,'NECA Chapters(Debra)'!A:D,3,FALSE) -> Southeast Texas Chapter NECA | D63: =VLOOKUP(A63,'NECA Chapters(Debra)'!A:D,4,FALSE) -> Houston Division - 716 | E63: =VLOOKUP(A63,'NECA Chapters(Debra)'!A:D,2,FALSE) -> TX
A64: 769 HWY | B64: 769 Gilbert, AZ - Traffic Signal and Street Light | C64: =VLOOKUP(A64,'NECA Chapters(Debra)'!A:D,3,FALSE) -> #N/A | D64: =VLOOKUP(A64,'NECA Chapters(Debra)'!A:D,4,FALSE) -> #N/A | E64: =VLOOKUP(A64,'NECA Chapters(Debra)'!A:D,2,FALSE) -> #N/A
A65: 769 L | B65: 769 L Gilbert, AZ - Lineman | C65: =VLOOKUP(A65,'NECA Chapters(Debra)'!A:D,3,FALSE) -> #N/A | D65: =VLOOKUP(A65,'NECA Chapters(Debra)'!A:D,4,FALSE) -> #N/A | E65: =VLOOKUP(A65,'NECA Chapters(Debra)'!A:D,2,FALSE) -> #N/A
A66: 776 | B66: 776 North Charleston, SC - Inside Wireman | C66: =VLOOKUP(A66,'NECA Chapters(Debra)'!A:D,3,FALSE) -> Atlantic Coast Chapter NECA | D66: =VLOOKUP(A66,'NECA Chapters(Debra)'!A:D,4,FALSE) -> South Carolina Division - 776 | E66: =VLOOKUP(A66,'NECA Chapters(Debra)'!A:D,2,FALSE) -> VA
A67: 776 L | B67: 776 L North and South Carolina - Lineman | C67: =VLOOKUP(A67,'NECA Chapters(Debra)'!A:D,3,FALSE) -> #N/A | D67: =VLOOKUP(A67,'NECA Chapters(Debra)'!A:D,4,FALSE) -> #N/A | E67: =VLOOKUP(A67,'NECA Chapters(Debra)'!A:D,2,FALSE) -> #N/A
A68: 917 | B68: 917 Meridian, MS - Inside Agreement | C68: =VLOOKUP(A68,'NECA Chapters(Debra)'!A:D,3,FALSE) -> Central Mississippi Chapter NECA | D68: =VLOOKUP(A68,'NECA Chapters(Debra)'!A:D,4,FALSE) -> Meridian Division - 917 | E68: =VLOOKUP(A68,'NECA Chapters(Debra)'!A:D,2,FALSE) -> MS
A69: 952 | B69: 952 Ventura County, CA Inside Wireman | C69: =VLOOKUP(A69,'NECA Chapters(Debra)'!A:D,3,FALSE) -> Los Angeles County Chapter NECA | D69: =VLOOKUP(A69,'NECA Chapters(Debra)'!A:D,4,FALSE) -> Ventura Division - 952 | E69: =VLOOKUP(A69,'NECA Chapters(Debra)'!A:D,2,FALSE) -> CA
A70: 1184 | B70: Southern CA - Laborers (Including locals 89, 220, 300, 585, 652, 783, 1309, 345, 1414) | C70: =VLOOKUP(A70,'NECA Chapters(Debra)'!A:D,3,FALSE) -> #N/A | D70: =VLOOKUP(A70,'NECA Chapters(Debra)'!A:D,4,FALSE) -> #N/A | E70: =VLOOKUP(A70,'NECA Chapters(Debra)'!A:D,2,FALSE) -> #N/A
A71: 1184 AZ | B71: Arizona - Laborers | C71: =VLOOKUP(A71,'NECA Chapters(Debra)'!A:D,3,FALSE) -> #N/A | D71: =VLOOKUP(A71,'NECA Chapters(Debra)'!A:D,4,FALSE) -> #N/A | E71: =VLOOKUP(A71,'NECA Chapters(Debra)'!A:D,2,FALSE) -> #N/A
A72: 1186 | B72: 1186 Kauai, HI - Inside Wireman | C72: =VLOOKUP(A72,'NECA Chapters(Debra)'!A:D,3,FALSE) -> Hawaii Chapter NECA | D72: =VLOOKUP(A72,'NECA Chapters(Debra)'!A:D,4,FALSE) -> Hawaii Division - 1186 | E72: =VLOOKUP(A72,'NECA Chapters(Debra)'!A:D,2,FALSE) -> HI
A73: 1245 L | B73: Northern CA - Lineman | C73: =VLOOKUP(A73,'NECA Chapters(Debra)'!A:D,3,FALSE) -> #N/A | D73: =VLOOKUP(A73,'NECA Chapters(Debra)'!A:D,4,FALSE) -> #N/A | E73: =VLOOKUP(A73,'NECA Chapters(Debra)'!A:D,2,FALSE) -> #N/A

Sheet NECA Chapters(Debra)
A1: IBEW LU | B1: Primary Affiliation: Mailing/Billing State/Province (text only) ↑ | C1: Primary Affiliation: Account Name ↑ | D1: Division Name ↑
A2: 1547 | B2: AK | C2: Alaska Chapter NECA | D2: Anchorage Division - 1547
A3: 136 | B3: AL | C3: Gulf Coast Chapter NECA | D3: Birmingham Division - 136
A4: 903 | B4: AL | C4: Gulf Coast Chapter NECA | D4: Gulfport Division - 903
A5: 505 | B5: AL | C5: Gulf Coast Chapter NECA | D5: Mobile Division - 505
A6: 558 | B6: AL | C6: Gulf Coast Chapter NECA | D6: Sheffield Division - 558
A7: 436 | B7: AR | C7: Arkansas Chapter NECA | D7: El Dorado Division - 436
A8: 700 | B8: AR | C8: Arkansas Chapter NECA | D8: Ft Smith Division - 700
A9: 1516 | B9: AR | C9: Arkansas Chapter NECA | D9: Jonesboro Division - 1516
A10: 295 | B10: AR | C10: Arkansas Chapter NECA | D10: Little Rock Division - 295
A11: 301 | B11: AR | C11: Arkansas Chapter NECA | D11: Texarkana Division - 301
A12: 640 | B12: AZ | C12: Arizona Chapter NECA | D12: Phoenix Division - 640
A13: 518 | B13: AZ | C13: Southern Arizona Chapter NECA | D13: Globe-Miami Division - 518
... A53: 508 | B53: GA | C53: Georgia Chapter NECA | D53: Eastern Division - 508
A54: 1316 | B54: GA | C54: Georgia Chapter NECA
A55: 1531 | B55: GA | C55: Georgia Chapter NECA | D55: Western Division-1531,1316
A56: 1186 | B56: HI | C56: Hawaii Chapter NECA | D56: Hawaii Division - 1186
A57: 405 | B57: IA | C57: Iowa Chapter NECA | D57: Cedar Rapids Division - 405
A58: 347 | B58: IA | C58: Iowa Chapter NECA | D58: Des Moines Division - 347
A59: 704 | B59: IA | C59: Iowa Chapter NECA | D59: Dubuque Division - 704
A60: 13 | B60: IA | C60: Iowa Chapter NECA | D60: Ottumwa Division - 13
A61: 231 | B61: IA | C61: Iowa Chapter NECA | D61: Sioux City Division - 231
A62: 288 | B62: IA | C62: Iowa Chapter NECA | D62: Waterloo Division - 288
A63: 145 | B63: IA | C63: Quad Cities Chapter NECA | D63: Quad Cities Division - 145
A64: 449 | B64: ID | C64: Idaho Chapter NECA | D64: Eastern Division - 449
A65: 291 | B65: ID | C65: Idaho Chapter NECA | D65: Western Division - 291
A66: 34 | B66: IL | C66: Central Illinois Chapter NECA | D66: Peoria Division - 34
... A105: 103 | B105: MA | C105: Boston Chapter NECA | D105: Boston Division - 103
A106: 1257 | B106: MA | C106: Boston Chapter NECA
A107: 567 | B107: MA | C107: Boston Chapter NECA | D107: Maine Division - 567, 1257
A108: 490 | B108: MA | C108: Boston Chapter NECA | D108: New Hampshire Division - 490
A109: 96 | B109: MA | C109: Central Massachusetts Chapter NECA | D109: Worcester Division - 96
A110: 7 | B110: MA | C110: Western Massachusetts Chapter NECA | D110: Springfield Division - 7
A111: 24 | B111: MD | C111: Maryland Chapter NECA | D111: Baltimore Division - 24
A112: 307 | B112: MD | C112: Maryland Chapter NECA | D112: Western Maryland Division - 307
A113: 445 | B113: MI | C113: Michigan Chapter NECA | D113: Battle Creek Division -445
A114: 692 | B114: MI | C114: Michigan Chapter NECA | D114: Bay City Division - 692
A115: 948 | B115: MI | C115: Michigan Chapter NECA | D115: Flint Division - 948
A116: 131 | B116: MI | C116: Michigan Chapter NECA | D116: Kalamazoo Division - 131
A117: 665 | B117: MI | C117: Michigan Chapter NECA | D117: Lansing Division - 665
A118: 557 | B118: MI | C118: Michigan Chapter NECA | D118: Saginaw Division - 557
... A133: 257 | B133: MO | C133: St Louis Chapter NECA | D133: Central Missouri Div - 257,350
A134: 350 | B134: MO | C134: St Louis Chapter NECA
A135: 1 | B135: MO | C135: St Louis Chapter NECA | D135: St Louis Division - 1
A136: 480 | B136: MS | C136: Central Mississippi Chapter NECA | D136: Jackson Division - 480
A137: 917 | B137: MS | C137: Central Mississippi Chapter NECA | D137: Meridian Division - 917
A138: 532 | B138: MT | C138: Montana Chapter NECA | D138: Billings Division - 532
A139: 233 | B139: MT | C139: Montana Chapter NECA | D139: Butte Division - 233
A140: 768 | B140: MT | C140: Montana Chapter NECA | D140: Kalispell Division - 768
A141: 714 | B141: ND | C141: Dakotas Chapter NECA | D141: Bismarck-Mandan Division - 714
A142: 1426 | B142: ND | C142: Dakotas Chapter NECA | D142: Fargo-Moorhead Division - 1426
A143: 1250 | B143: ND | C143: Dakotas Chapter NECA | D143: Rapid City Division - 1250
A144: 426 | B144: ND | C144: Dakotas Chapter NECA | D144: Sioux Falls Division - 426
A145: 265 | B145: NE | C145: Nebraska Chapter NECA | D145: Lincoln Division - 265
A146: 22 | B146: NE | C146: Nebraska Chapter NECA | D146: Omaha Division - 22
... A184: 8 | B184: OH | C184: Ohio/Michigan Chapter NECA | D184: Toledo Division - 8, 245
A185: 245 | B185: OH | C185: Ohio/Michigan Chapter NECA
A186: 82 | B186: OH | C186: Western Ohio Chapter NECA | D186: Dayton Division - 82
A187: 32 | B187: OH | C187: Western Ohio Chapter NECA | D187: Lima Division - 32
A188: 584 | B188: OK | C188: Eastern Oklahoma Chapter NECA | D188: Tulsa Division - 584
A189: 1141 | B189: OK | C189: Oklahoma Chapter NECA | D189: Oklahoma City Division - 1141
A190: 444 | B190: OK | C190: Oklahoma Chapter NECA | D190: Ponca City Division - 444
A191: 48 | B191: OR | C191: Oregon-Columbia Chapter NECA | D191: Portland Division - 48
A192: 280 | B192: OR | C192: Oregon-Pacific-Cascade Chapter NECA | D192: Cascade Div-Central Oregon-280
A193: 659 | B193: OR | C193: Oregon-Pacific-Cascade Chapter NECA | D193: Crater Lake Div (Medford) -659
A194: 932 | B194: OR | C194: Oregon-Pacific-Cascade Chapter NECA | D194: Sunset Division - 932
A195: 375 | B195: PA | C195: Penn-Del-Jersey Chapter NECA | D195: Allentown Div - 375
A196: 654 | B196: PA | C196: Penn-Del-Jersey Chapter NECA | D196: Chester Division - 654
A197: 313 | B197: PA | C197: Penn-Del-Jersey Chapter NECA | D197: Delaware Division - 313
... A265: 84 | B265: GA | C265: Southeastern Line Constructors Chapter NECA | D265: Southeastern Line Constructors
A266: 175 | B266: GA | C266: Southeastern Line Constructors Chapter NECA
A267: 222 | B267: GA | C267: Southeastern Line Constructors Chapter NECA
A268: 238 | B268: GA | C268: Southeastern Line Constructors Chapter NECA
A269: 270 | B269: GA | C269: Southeastern Line Constructors Chapter NECA
A270: 295 | B270: GA | C270: Southeastern Line Constructors Chapter NECA
A271: 301 | B271: GA | C271: Southeastern Line Constructors Chapter NECA
A272: 342 | B272: GA | C272: Southeastern Line Constructors Chapter NECA
A273: 379 | B273: GA | C273: Southeastern Line Constructors Chapter NECA
A274: 429 | B274: GA | C274: Southeastern Line Constructors Chapter NECA
A275: 436 | B275: GA | C275: Southeastern Line Constructors Chapter NECA
A276: 443 | B276: GA | C276: Southeastern Line Constructors Chapter NECA
A277: 474 | B277: GA | C277: Southeastern Line Constructors Chapter NECA
... A303: 2150 | B303: MO | C303: Missouri Valley Line Constructors Chapter NECA
A304: 66 | B304: MO | C304: Southwestern Line Constructors Chapter NECA | D304: Southwestern Line Constructors
A305: 220 | B305: MO | C305: Southwestern Line Constructors Chapter NECA | D305: Southwestern Line Constructors Division
A306: 278 | B306: MO | C306: Southwestern Line Constructors Chapter NECA
A307: 304 | B307: MO | C307: Southwestern Line Constructors Chapter NECA
A308: 583 | B308: MO | C308: Southwestern Line Constructors Chapter NECA
A309: 602 | B309: MO | C309: Southwestern Line Constructors Chapter NECA
A310: 611 | B310: MO | C310: Southwestern Line Constructors Chapter NECA
A311: 681 | B311: MO | C311: Southwestern Line Constructors Chapter NECA
A312: 738 | B312: MO | C312: Southwestern Line Constructors Chapter NECA
A313: 769 | B313: MO | C313: Southwestern Line Constructors Chapter NECA
A314: 898 | B314: MO | C314: Southwestern Line Constructors Chapter NECA
A315: 1002 | B315: MO | C315: Southwestern Line Constructors Chapter NECA
A316: 2286 | B316: MO | C316: Southwestern Line Constructors Chapter NECA
A317: 3 | B317: NY | C317: Northeastern Line Constructors Chapter NECA
... A359: 1245 | B359: UT | C359: Western Line Constructors Chapter NECA

Sheet NECA Committees REI reps
A1: 2026 NECA National Committees & Task Forces
A2: Ron Clarkson | B2: District 9 | C2: Rosendin Electric | D2: Technology Systems Integration Task Force
A3: Andrew Harrington | B3: District 5 | C3: Rosendin Electric | D3: Codes and Standards Committee
A4: Steven Emert | B4: District 9 | C4: Rosendin Electric | D4: Codes and Standards Committee
A5: Clint Summers | B5: District 9 | C5: Rosendin Electric | D5: Codes and Standards Committee
A6: Summer Reese | B6: District 9 | C6: Rosendin Electric | D6: Women in NECA
A7: Brice Merritt | B7: District 9 | C7: Rosendin Electric | D7: Future Leaders Task Force
A8: Summer Reese | B8: District 9 | C8: Rosendin Electric | D8: Future Leaders Task Force
A9: Noelle Sebastian | B9: District 9 | C9: Rosendin Electric | D9: Future Leaders Task Force,Women in NECA

Sheet NECA REI Contact List
A1: Chapter | B1: IBEW Local | C1: Representative | D1: Phone | E1: E-mail
A2: Arizona | B2: 640 | C2: Jason Karseboom | D2: (480) 581-4100 | E2: jkarseboom@rosendin.com
A3: Oregon-Columbia | B3: 48 | C3: Robert John | D3: (503) 615-8189 | E3: rjohn@rosendin.com
A4: Southern Nevada | B4: 357 | C4: Chris Meiers | D4: (702) 258-1400 | E4: cmeiers@rosendin.com
A5: Inland Empire | B5: 112 | C5: Tom Sorley | D5: (503) 615-8189 | E5: tsorley@rosendin.com
A6: Greater Sacramento | B6: 340 | C6: Tamara Rapozo | D6: (916) 285-0421 | E6: trapozo@rosendin.com
A7: Oregon-Pacific-Cascade | B7: 280 | C7: Timothy Schierling | D7: (503) 615-8189 | E7: tschierling@rosendin.com
A8: Washington DC | B8: 26 | C8: Keith Douglas | D8: (703) 707-8200 | E8: kdouglas@rosendin.com
A9: South Texas | B9: 60 | C9: Justin Prince | D9: (512) 272-8841 | E9: jprince@rosendin.com
A10: Southeast Texas | B10: 716 | C10: Shaun Mahan | D10: (512) 272-8841 | E10: smahan@rosendin.com
A11: Southeast Texas | B11: 278 | C11: Shaun Mahan | D11: (512) 272-8841 | E11: smahan@rosendin.com
A12: Maryland | B12: 24 | C12: Jeff Marshal | D12: (410) 787-8374 | E12: jmarshall@rosendin.com
A13: San Diego | B13: 569 | C13: Jerry Jordan | D13: (714) 521-8113 | E13: jjordan@rosendin.com
... A17: Central Texas | B17: 520 | C17: Shaun Mahan | D17: (512) 272-8841 | E17: smahan@rosendin.com
A18: Northern California | B18: 595 | C18: Aaron W Olson | D18: (408) 286-2800 | E18: aolson@rosendin.com
A19: Hawaii | B19: 1186 | C19: Ryan Chun | D19: (808) 200-5967 | E19: rchun@rosendin.com
A20: Southeast Texas | B20: 1015 | C20: Shaun Mahan | D20: (512) 272-8841 | E20: smahan@rosendin.com
A21: Northwest Line Constructors | B21: Multiple | C21: Robert John | D21: (503) 615-8189 | E21: rjohn@rosendin.com
A22: Tennessee | B22: 429 | C22: Tullie Louder | D22: (615) 461-2300 | E22: tlouder@rosendin.com
A23: Santa Clara | B23: 332 | C23: Jim Millett | D23: (408) 286-2800 | E23: jmillett@rosendin.com
A24: Los Angeles | B24: 11 | C24: Dan Domenici | D24: (657) 276-0600 | E24: ddomenici@rosendin.com
A25: San Francisco | B25: 6 | C25: Tom McIntosh | D25: (415) 495-9300 | E25: tmcintosh@rosendin.com
A26: Idaho | B26: 291 | C26: Robert John | D26: (541) 233-7769 | E26: rjohn@rosendin.com
A27: Greater Sacramento | B27: 401 | C27: Ryan Gill | D27: (775) 332-5800 | E27: rgill@rosendin.com
